UUID,N°,Prénom + Nom,Rang,Puissance,Ruse,Savoir,Charisme,fichier photo,Power,Description,Type,Tags,Nom Complet,Fonction,Sum,Target,Delta,,,Paquet,
9499544236,1,Hazelyonn,5,72,62,71,70,Hazelyonn,"A la fin du tour, banni les cartes du prochain duel","Il n’a pas conquis le pouvoir par la force… C’est le pouvoir qui l’a choisi, par instinct de survie.",Ministere,"Wendelhart, Haut-Conseil",Hazelyonn Wendelhart,Dirigeant,275,239,-11,,,Commun,74
4967110666,2,Athenais,5,58,75,59,71,Athenais,"Pendant la sélection d’attribut, l’adversaire doit choisir son attribut le plus faible","Son sourire est loi, sa parole destin... Tous fléchissent sous son éclat souverain.",Ministere,"Wendelhart, Haut-Conseil",Athenais Wendelhart,Dirigeante,263,249,-1,,,Epique,20
1931821925,3,Velorn,5,85,54,51,70,Velorn,"Lorsqu’il bat un adversaire, celui-ci retourne dans la pioche adverse pour revenir plus fort, gagnant 5 pôint dans toutes les stats",Il est le rempart que le monde ne voit pas… jusqu’à ce qu’il soit trop tard.,Ministere,"Wendelhart, Haut-Conseil",Velorn Wendelhart,Chef de la garde,260,237,-13,,,Rare,5
8191760459,4,Leyn,5,70,59,60,70,Leyn,"Lorsqu’elle est sacrifiée, défausse les deux cartes du duel en cours","Née de l’ordre et du destin, elle marche — et le silence s’incline.",Ministere,"Wendelhart, Haut-Conseil",Leyn Wendelhart,Fille dirigeants,259,254,4,,,Légendaire,1
1319759182,5,Galon,4,66,73,50,61,Galon,"Lorsqu’il perd le duel, le joueur adverse doit, au prochain tour, jouer un attribut < 55 ; s’il n’en possède pas, il joue son attribut le plus faible",Son bureau est un sanctuaire où le savoir s’administre à la lettre.,Ministere,Haut-Conseil,Galon,Ministre de léducation,250,221,-9,,,Mythique,0.1
9261866066,6,Harrysson,5,79,55,70,60,Harrysson,Gagne automatiquement le duel si l'adversaire est une Créature Magique de rang 5,"Il est à la fois l’arme, le sort et la légende gravée dans la mémoire du monde.",Mythe,Sasuke Runique,Harrysson Morduin,Héro,264,227,-3,,,,
8410891240,7,Kardes,4,42,65,52,60,Kardes,Réduit de 20 points toutes les stats d’un adversaire Académie,"Quand il parle, même les murs de l’Académie prennent note.",Academie,,Raymond Kardes,Directeur,219,229,-1,,,,
3223183517,8,Leif,3,50,67,45,58,Leif,"Si l’adversaire a plus de 50 en Ruse, force le sacrifice de la carte adverse","Sa main ne tremble jamais : elle obéit, c’est tout.",Ministere,Garde,Leif Mkays,Garde,220,233,3,,,,
2699049171,9,Amalia,3,63,50,58,46,Amalia,Ne peut pas être affectée par un pouvoir si elle est jouée après une carte sacrifiée ce tour,"On dit qu’elle n’a jamais trahi... Elle a simplement obéi, jusqu’à l’oubli.",Ministere,Garde,Amalia Mist,Garde,217,219,-11,,,,
2264920181,10,Geralt,4,54,50,55,57,Geralt,"Si l'adversaire est une Créature magique, toutes ses stats sont ramenées à 65 pour ce tour","Une créature non répertoriée est une menace. Une créature libre, un problème.",Ministere,,Geralt Evans,Ministre des créature magique ,216,237,7,,,,
8218417409,11,Ezëkiël,4,47,67,56,60,Ezekiel,"Si l’adversaire a déjà effectué 3 sacrifices, réduit de 10 toutes les stats de l’adversaire ce tour","Selon lui, les silences sont plus parlant que les mots",Ministere,,Ezëkiël de Cyclamens,Ministre de éducation et connaissances ,230,184,-16,,,,
3191720130,12,Lorene,4,55,43,56,51,Lorene,"Si le Charisme est choisi ce tour, révèle la carte en main de l’adversaire",Elle ne crée pas. Elle conserve ce qui mérite d’exister. Le reste n’est que bruit.,Ministere,,Lorene Delapierre,"Ministre de art et traditions, santé et infrastructures ",205,219,19,,,,
8783537393,13,Nyx,4,52,49,70,62,Nyx J,Récupère une carte défaussée au hasard mais perd 5 dans toutes ses stats,Sa voix s’est éteinte dans la braise... Mais son nom brûle encore dans les cœurs.,Mythe,,Nyx Jones,Prêtresse du feu,233,181,-19,,,,
4280212277,14,Melkior,3,45,54,53,49,Melkior,"Si l’adversaire a plus de 50 en Savoir, force le sacrifice de l’adversaire","Il n’est plus là pour parler... Mais son regard veille, toujours.",Academie,,Melkior Eccleston,Ancien sous directeur,201,190,-10,,,,
6530698928,15,Lynca,3,65,42,52,46,Lynca,Ignore le malus de sacrifice ce tour,Il ne lève jamais la voix... Ses pas suffisent à faire taire.,Ministere,Garde,Lynca Corvinus,Garde,205,200,0,,,,
1269366353,16,Lilian,3,45,43,51,62,Lilian,"Si Leyn a déjà été jouée, gagne 20 en Puissance",Ce n’est pas son cœur qu’il a caché… c’est le battement qu’il a offert.,Ministere,,Lilian Dejaiffe,Garde,201,189,-11,,,,
0494003802,17,Ada,2,60,45,48,36,Ada,"Lorsqu’elle est sacrifiée, si c’est dans les 3 premiers tours n’augmente pas le malus de sacrifice","Ada est tombée debout : droite dans l’ordre, droite dans les cœurs.",Ministere,Garde,Ada Slyth,Garde (DCD),189,190,-10,,,,
1692861078,18,Eren,3,63,51,41,38,Eren,"Lorsqu’elle remporte le duel, rejoue cette carte une fois","On ne sait pas ce qu’il pense, seulement que nul n’ose le défier.",Ministere,Garde,Eren Astoria,Garde,193,192,-8,,,,
0081752883,19,Freya,3,41,55,63,43,Freya,"Freya lance un Immunio Maxima, si l’adversaire a plus de 50 en Puissance, limite la Puissance de l’adversaire à 50",Son talent n’est pas d’imposer… C’est de rendre l’obéissance naturelle.,Ministere,Garde,Freya ML,Garde,202,212,12,,,,
9507374686,20,Ezra,4,54,55,42,51,Ezra,Échange son Savoir avec celui de l’adversaire,"Il ne forme pas des élèves, il forge des piliers pour l’avenir qu’il a déjà écrit.",Ministere,,Ezra McMillan,Ministre de l'éducation,202,200,0,,,,
5621697475,21,Zerkiev,2,55,50,40,45,Angel,"Si l’adversaire a plus de 50 en Puissance, force le sacrifice de l’adversaire","Sous son regard, chaque créature révèle sa vérité… ou son ultime secret.",Academie,,Angel Zerkiev,Professeur,190,205,5,,,,
4184793972,22,Grisevent,2,36,59,37,31,Grisevent,"Lorsqu’il perd un duel de Charisme, l’adversaire ne peut pas choisir le Charisme au prochain tour",Il exige la perfection… mais ses méthodes défient parfois la raison.,Academie,,Lazarus Grisevent,Professeur,163,203,3,,,,
8689392589,23,Bobby,2,50,34,55,38,Bobby,"Lorsque Bobby est sacrifié, renvoie cette carte dans la pioche (une seule fois) et lui fait gagner 5 dans toutes ses stats","Tombé avec l’ancienne académie, il se relève en gardien des mémoires interdites.",Academie,,Bobby Widler,Représentant de maison,177,199,-1,,,,
2706703786,24,Vlad,2,53,41,28,42,Vlad,"Lorsque Vlad est sacrifié, si un dragon a été joué double le Charisme de la prochaine carte","Le danger est son complice, la folie sa muse, et ses élèves, des pionniers involontaires.",Academie,,Vlad Ostankia,Professeur,164,216,16,,,,
5450892716,25,Skribble,3,36,53,37,51,Skribble,"Si l’adversaire a plus de 50 en Charisme, force le sacrifice de l’adversaire",Il ne laisse jamais un sou… ni une sorcière… lui échapper.,Village,,Skribble Ironclaw,Directeur banque,177,191,11,,,,
0720296916,26,Silas,3,38,51,61,44,Silas,Chaque joueur récupère son dernier sacrifice et le place sur le dessus de sa pioche,"Là où ses pouvoirs s’arrêtent, la mort prend son droit.",Village,,Silas Kindley,Chef médecin,194,194,14,,,,
8624117584,27,Balthazar,3,32,57,51,39,Balthazar,"Si Hazelyonn a déjà été jouée, gagne 20 en Charisme","Ses méthodes dérangent, mais ses résultats ferment bien des bouches.",Village,,Balthazar Felwick,Chef médecin,179,184,4,,,,
3386422324,28,Claus,3,51,38,59,28,Claus,Copie le pouvoir de l’adversaire,"Il a défié les limites, brûlé les règles… et laissé derrière lui une trace de cendres.",Village,,Claus Rosengart,Potionniste (DCD),176,161,-19,,,,
7433394061,29,Curtis Mensah,3,35,29,51,55,Curtis,"Si un sacrifice est joué ce tour, permet de parier sur l’attribut choisi par l’adversaire et si le pari est réussi gagne 10 dans toutes les stats","Sous son toit, les rires s’élèvent plus forts que les tempêtes du dehors.",Village,,Curtis Mensah,Chef taverne et resto,170,171,-9,,,,
3979528908,30,Naingui,2,27,59,38,43,Naingui,Échange la carte en main avec celle de l’adversaire,"Délit ou mensonge, il a toujours un alibi… même s’il ne s’en souvient pas.",Village,,Naingui,Bandit,167,163,-17,,,,
9796220842,31,Azaë,2,39,29,53,47,Azae,"Si l’adversaire a déjà été joué, annule et bannit l’adversaire immédiatement","Elle joue avec les flammes du désir, mêlant douceur et venin dans chaque fiole.",Academie,,Azae Findwell,Professeur,168,164,-16,,,,
2298618584,32,Elidibus,2,40,40,55,31,Elidibus,"Si l’adversaire a plus de 55 en Savoir, annule le pouvoir de l’adversaire","Dans l’obscurité, sa lumière perce, révélant ce que l’on voudrait oublier.",Village,,Elidibus Crowley,Détective,166,166,-14,,,,
9293717449,33,Stevens,2,42,32,54,40,Stevens,Échange sa Ruse avec celle de l’adversaire,Ses mains guérissent autant que ses cordes apaisent les âmes tourmentées.,Village,,Stevens Harper,Medicomage,168,172,-8,,,,
7537176359,34,Nox,2,58,32,47,35,Nox,"Lorsqu’elle remporte le duel, retourne dans la main du joueur et force le sacrifice d’une des deux cartes tandis que l’autre joue le prochain duel","Derrière son masque, le savoir murmure et le pouvoir s’apprend en silence.",Academie,,Nox Ichinose,Professeur Sortilège,172,177,-3,,,,
8746280664,35,Alana,2,59,38,43,38,Alana,"Si l’adversaire a sacrifié ce tour, gagne 10 dans l’attribut choisi","Elle enseigne en douceur, mais ses leçons laissent des traces indélébiles.",Academie,,Alana Greehood,Professeur Sortilège,178,175,-5,,,,
4963748701,36,Alvarius,2,44,33,66,25,Alvarius,Gagne 10 dans toutes ses stats à moins qu'un dragon ou Leyn ait été joué,"On l'a retrouvé roussi, son ego encore fumant. ",Academie,,Alvarius Pendragon,Professeur HDM,168,171,-9,,,,
7609680432,37,Eirlys Slyth,2,39,52,41,35,Eirlys,"Au début du prochain tour, écarte deux attributs au hasard pour les deux joueurs",Elle ne dresse pas les créatures… elle les comprend. Et c’est bien plus effrayant.,Academie,,Eirlys Slyth,Professeur SCM,167,173,-7,,,,
0015070317,38,Yennefer,2,27,41,54,40,Yennefer,"Si un sacrifice est joué ce tour, transforme tous les bonus de sacrifice en malus de 5 dans toutes les stats ce tour",Sa force ne brille pas : elle étouffe. Et les ténèbres le savent.,Academie,,Yennefer Sagegrove,Professeur DCFO,162,183,3,,,,
7246470459,39,Kaelith,2,41,51,41,30,Kaelith,Force la révélation de la carte du dessus de la pioche de l’adversaire,"Elle ne défie pas l’obscurité : elle la provoque, l’attire, puis la brise.",Academie,,Kaelith Raventhorne,Professeur DCFO,163,160,-20,,,,
1038255307,40,Serana,2,29,57,35,45,Serana,Échange sa Puissance avec celle de l’adversaire,Derrière ses gestes précis se cache un art ancien : celui de séduire ou de détruire sans lever la voix.,Academie,,Serana Von Thornwyck,Professeur Potion,166,176,-4,,,,
4391662158,41,Issé,2,41,28,53,26,Isse,"Lorsqu’il est sacrifié, autorise un second sacrifice ce tour","Il n’a pas fui. Il a hurlé. Et ce soir-là, la place a senti l’odeur du sang… et des épices.",Academie,,Issé Kassé,Professeur Cuisine (DCD),148,193,13,,,,
5681729468,42,Valir,2,44,37,54,24,Valir,Échange son Charisme avec celui de l’adversaire,"Enseigner la métamorphose, pour lui, ce n’est pas changer. C’est se révéler.",Academie,,Valir Norr,Professeur Metamorphose,159,185,5,,,,
1954889229,43,Vaegon,2,53,35,38,34,Vaegon,"Si la carte est jouée dans les trois premiers tours, elle gagne 15 dans toutes ses stats. Sinon, Veagon se prends la barrière et réduit de 5 toutes ses stats",On ne vole pas sous ses ordres. On s’élève à sa manière.,Academie,,Vaegon Blackthorn,Professeur Vol,160,186,6,,,,
8557980132,44,Drake,2,54,35,47,34,Drake,"Si l’adversaire est une Créature Magique, gagne automatiquement le duel et défausse la carte suivante","Il ne vous prépare pas à l’examen, mais à ce qui viendra après.",Academie,,Drake Hayes,Professeur DCFO,170,,,,,,
6488128991,45,Owen,2,12,32,31,57,Owen,Baffe de gobelin : gagne 10 dans toutes ses stats,Son comptoir a entendu plus de vérités que n’importe quel tribunal.,Village,,Owen Galagan,Tavernier,132,,,,,,
7210604832,46,Morgana,2,44,38,47,55,Morgana,"Lorsqu’elle perd le duel, force l’adversaire à jouer un attribut d’attaque parmi les attributs restants au prochain tour","Chez elle, même les ronces poussent en musique.",Academie,,Morgana Anfield,Professeur Botanique(en exil),184,,,,,,
5119254066,47,Tavell,2,32,38,50,53,Tavell,Le prochain duel se joue obligatoirement en Charisme,Il n’a pas de manuel… Il a du rythme.,Academie,,Tavell Amanté,Professeur Botanique,173,,,,,,
1730453919,48,Alaric,2,43,50,60,38,Alaric,Force la révélation du pouvoir de la carte en main de l’adversaire,Il connaît la vie mieux que quiconque... C’est la mort qu’il veut disséquer.,Village,,Alaric Valtor,Medicomage,191,,,,,,
4390095887,49,Moon,2,41,39,63,40,Moon,"Lorsqu’elle est sacrifiée, révèle la carte de l’adversaire",Son regard perce les voiles du temps comme s’ils n’étaient que buée sur une vitre.,Village,,Moon Murphy,Professeur Divination,183,,,,,,
6726848834,50,Runeblom,2,35,34,43,52,Runeblom,"Si le duel est remporté avec un écart d’au moins 15 sur l'attribut choisi, récupère la dernière carte de la défausse dans la main","Elle connaît la fièvre, les plaies… et les blessures que personne ne montre.",Village,,Eir Runeblom,Medicomage,164,,,,,,
2714071825,51,Waban,2,40,41,56,45,Waban,Pioche une carte supplémentaire puis défausse une carte sans bonus,Incapable de soigner une chute de 3 kilomètres dans l'océan.,Village,,Waban Skyr,Medecin,182,,,,,,
7634778597,52,Andréane,2,40,13,51,33,Andreane,Vole 3 dans l’attribut choisi par l’adversaire et les ajoute au même attribut de cette carte,Chaque cliché est une histoire que personne ne peut défaire.,Village,,Andréane Aster,Photographe,137,,,,,,
4293219967,53,Diablodicus,3,41,65,46,53,Diablodicus,"Si le malus de sacrifice est d’au moins 5, gagne 10 dans toutes ses stats",Il est venu avec des roses de sable... Il est reparti avec des flammes dans le dos.,Village,,Diablodicus,Prince du sahara,205,,,,,,
5813846113,54,Igore,2,31,51,38,11,Igore,Le prochain duel se joue obligatoirement en Ruse,Il ne court pas après les fautifs. Il attend qu’ils repassent… pieds nus.,Academie,,Igore Blackthorn,Surveillant,131,,,,,,
9820823279,55,Persephone,3,52,30,56,42,Persephone,Désactive l’attribut Savoir pour les deux joueurs au prochain tour,Perséphone ne demande rien. Elle attend qu’on le lui doive.,Village,,Persephone Skellington,FEMME DE EZEKIEL,180,,,,,,
4109155883,56,Melphine,2,42,34,55,39,Melphine,Chaque joueur échange son dernier sacrifice avec celui de l’adversaire puis le place sur le dessus de sa pioche,"Melphine ne promet rien. Et pourtant, on lui confie tout.",Village,,Melphine Veilcraft,Medicomage,170,,,,,,
6794371604,57,Evelyn,2,41,42,51,37,Evelyn,"Si l’adversaire a gagné les deux dernières manches, annule automatiquement le pouvoir de l’adversaire","Elle ne fait pas de promesses… elle panse, elle sauve, elle reste.",Village,,Evelyn Graves,Medicomage,171,,,,,,
9793103688,58,Basil,1,44,32,33,27,Basil,La carte est jouée face visible et gagne 10 en Savoir,Il n’a pas changé de métier. Il a juste remplacé le vin par les mots.,Village,,Basil Brekke,Animateur radio,136,181,1,,,,
8361619784,59,Ashcroft,2,29,36,52,37,Ashcroft,"Lorsqu’il est sacrifié, reporte l'application du malus au prochain sacrifice",Chaque chiffre qu’il trace est une promesse tenue… ou une dette que l’avenir devra solder.,Village,,Uldreon Ashcroft,Banquier,154,187,7,,,,
3101234647,60,Benjamin,2,31,43,51,35,Benjamin,Échange sa Ruse avec celle de l’adversaire,Il a une clé pour chaque serrure… et une excuse pour chaque gueule de bois.,Village,,Benjamin,Serrurier,160,173,-7,,,,
6956912448,61,Kanako,3,42,56,42,52,Kanako,Revèle les deux cartes jouées,Rien ne lui échappe... pas même ce que vous n’avez pas encore dit.,Village,,Kanako Kuroda,Journaliste,192,194,14,,,,
2601404613,62,Lilou,2,36,37,51,27,Lilou,"Lorsqu’elle est sacrifiée, défausse la carte du dessus de la pioche et confère 7 points à toutes les stats ce tour",Chaque page qu’elle tourne est un soupir qu’elle retient.,Academie,,Lilou Kazoo,Bibliothécaire,151,177,-3,,,,
0035406803,63,Melusine,2,37,45,57,41,Melusine,Fixe le prochain duel en Savoir,"Elle vous trouve toujours le bon livre… et parfois, ce que vous ne saviez pas chercher.",Academie,,Melusine Sagegrove,Bibliothécaire,180,188,8,,,,
0696052256,64,Coyote,3,52,35,55,28,Coyote,"Pendant la sélection d’attribut, si les deux joueurs choisissent Savoir, annule le pouvoir de l’adversaire",Il peut vous vendre un manche fendu comme s’il venait des cieux. Et vous y croirez.,Village,,Orlando Coyote,Vendeur balais,170,180,0,,,,
5613175907,65,Von,2,40,60,25,31,Von,"Pendant la sélection d’attribut, si les deux joueurs choisissent Ruse, annule le pouvoir de l’adversaire",Il ne couvre pas les bêtises. Il les sublime.,Academie,,Von Carsteill,Surveillant,156,196,16,,,,
2504528543,66,Zaza,2,9,48,26,58,Zaza,"Si la carte perd son duel, diminue de 5 les stats de l'adversaire au tour suivant","Il n’était qu’un petit gobelin, mais son sourire valait mille soleils.",Academie,,Zaza Rikikus,Surveillant (DCD),141,195,15,,,,
4028738109,67,Veyra,2,43,55,32,12,Veyra,"Si l’adversaire remporte ce duel, annule son pouvoir au prochain tour",On dit que la discipline est son art… mais c’est aussi sa prison.,Academie,,Veyra,Surveillant,142,190,10,,,,
4043110854,68,Horia,3,57,30,54,46,Horia,Fixe le prochain duel en Puissance,"Pour elle, la nuit est un éternel réveil.",Ministere,,Horia Garcia,Garde prison,187,,,,,,
4671507019,69,Aurora,1,25,47,39,33,Aurora W,"Pendant la sélection d’attribut, si les deux joueurs choisissent le même attribut, cet attribut gagne 10 pour ce duel",La grandeur ne s’impose pas. Elle se dérobe… pour mieux saisir.,Academie,,Aurora Walker,Etudiant FELORA,144,,,,,,
5693664764,70,Zayn,1,32,39,30,49,Zayn,"Lorsqu’elle perd le duel, limite l’attribut choisi par l’adversaire à 60 au prochain tour","Plus qu’un élève, il est un symbole. Une légende qu’on s’approprie.",Academie,,Zayn Foster,Etudiant ORAGONN,150,,,,,,
8007995535,71,Lian,1,47,36,33,38,Lian,"Lorsqu’il perd le duel, augmente de 1 le malus de sacrifice de l’adversaire","Dans chaque pas, la hardiesse d’un tigre prêt à bondir.",Academie,,Lian Spencer,Etudiant FERROX,154,,,,,,
6343600364,72,Catalina,1,36,49,37,38,Catalina,"Lorsqu’elle est jouée, si c’est dans les trois premiers tours, gagne 5 dans toutes ses stats",Elle est le chant félin qui précède la tempête de la grandeur.,Academie,,Cat'alyna Moonlight,Etudiant FELORA,160,,,,,,
5112630336,73,Jamaal,1,39,35,25,45,Jamaal,"Lorsqu’il est sacrifié, désactive tous les pouvoirs pendant deux tours",Il ne cherche pas à changer le monde. Il veut juste que tout le monde se détende un peu.,Academie,,Jamaal Stone,Etudiant ORAGONN,144,,,,,,
3677563310,74,Solan,1,35,34,45,35,Solan,"Lorsqu’il est joué, si le joueur a perdu la manche précédente, gagne 15 en Puissance sinon perd 10 en Charisme",La patience est son arme la plus tranchante.,Academie,,Solan Burton,Etudiant AZURALYS,149,,,,,,
9325638595,75,Naelya,1,28,33,44,37,Naelya,"Lorsqu’elle est jouée, gagne 5 dans l’attribut choisi ; lorsqu’elle perd le duel, perd 10 dans toutes ses stats au prochain tour","Elle ne précipite jamais son envol. Elle attend, calme et assurée.",Academie,,Naelya Ventis,Etudiant AZURALYS,142,,,,,,
6985385808,76,Atka,1,33,31,28,46,Atka,Cette carte est jouée face visible et gagne 10 en Puissance lorsqu’elle est jouée,"On dit qu’il rêve de devenir Zayn 1.5... une version améliorée, selon lui.",Academie,,Atka Polaris,Etudiant ORAGONN,138,,,,,,
8330432574,77,Keefe,1,34,46,31,29,Keefe,"Lorsqu’il est sacrifié, la carte suivante gagne 20 en Ruse et augmente le malus de sacrifice de 2",Il ne ment jamais… il redéfinit habilement la vérité.,Academie,,Keefe Nightray,Etudiant FELORA,140,,,,,,
7656820736,78,Addison,1,29,30,48,34,Addison,"Lorsqu’elle remporte le duel, le joueur peut renoncer à la victoire pour réduire de 3 son malus de sacrifice",Son esprit aiguisé perce les voiles du mensonge avant même qu’ils ne se forment.,Academie,,Addison FitzWilliam,Etudiant AZURALYS,141,,,,,,
9060778019,79,Hope,1,33,32,46,31,Hope,"Après la révélation, si aucun sacrifice n’a été fait ce tour, peut changer l’attribut choisi","Là où les autres crient pour exister, il se tait pour dominer.",Academie,,Hope Mikaelsen,Etudiant AZURALYS,142,,,,,,
0749388822,80,Dragan,1,32,43,30,33,Dragan,"Lorsqu’il perd le duel, choisit l’attribut obligatoire du prochain duel sinon l’adversaire le choisit",Son sourire ? Une invitation. Son regard ? Une stratégie.,Academie,,Dragan Sombrus,Etudiant FELORA,138,,,,,,
0989506589,81,Draven,1,37,45,31,34,Draven,"Lorsqu’il remporte le duel, échange la carte restante en main avec celle de l’adversaire","Felora l’a formé à l’art du mot affûté, du silence complice et du coup final invisible.",Academie,,Draven Bloodworth,Etudiant FELORA,147,,,,,,
1392157731,82,Storm,1,49,37,22,39,Storm,"Si tu perds ce duel, inflige -5 sur toutes les stats à la prochaine carte jouée par l’adversaire.",Il ne s’adapte pas au monde. Il le plie jusqu’à ce qu’il cède.,Academie,,Stom Rice,Etudiant FERROX,147,,,,,,
7740893161,83,Esidor,1,30,42,35,29,Esidor,Cette carte est jouée face visible et gagne 10 en Charisme lorsqu’elle est jouée,Esidore ne fait jamais de vagues. Il laisse les autres se noyer dans les siennes.,Academie,,Esidor Tyrel,Etudiant FELORA,136,,,,,,
4728646397,84,Freyja,1,29,30,32,45,Freyja,"Lorsqu’elle est jouée, peut échanger sa stat la plus haute avec la plus basse",Elle n’a pas besoin de serment. Sa parole est un pacte silencieux.,Academie,,Freyja Balder,Etudiant ORAGONN,136,,,,,,
3289995951,85,Noxii,1,48,35,28,32,Noxii,"Pendant ce duel, échange le Charisme et la Puissance de l’adversaire","Il ne cherche pas à briller, mais ceux qui le suivent apprennent vite à marcher dans l’ombre.",Academie,,Néron Noxii Night,Etudiant FERROX,143,,,,,,
3323939061,86,Ellie,1,27,44,36,33,Ellie,"Si l’adversaire possède une stat supérieure à 50, annule le pouvoir de l’adversaire",Felora ne l’a pas rendue brillante… elle l’a rendue incontournable.,Academie,,Ellie Robins,Etudiant FELORA,140,,,,,,
3547926170,87,Zeraphiel,1,34,31,42,29,Zeraphiel,"Si le joueur devine l’attribut choisi par l’adversaire, gagne 10 dans toutes ses stats",Certains le cherchent encore...Les autres évitent d’en parler trop fort.,Academie,,Zeraphiel Mcjames,Etudiant AZURALYS,136,,,,,,
7576402962,88,Malo,1,31,36,47,34,Malo,"Si le joueur a perdu les deux derniers duels, remporte automatiquement le duel, puis bannit cette carte",On lui a dit que c’était impossible ; il l’a pris comme un défi.,Academie,,Malo Hoffman,Etudiant AZURALYS,148,,,,,,
6541741300,89,Noda,1,39,37,44,33,Noda,"Si l’adversaire choisit le même attribut, force ce dernier à choisir un autre attribut","Il renaît de chaque défaite, plus lucide, plus dangereux.",Academie,,Noda Strife,Etudiant AZURALYS,153,,,,,,
5642384587,90,Fabrizius,1,31,33,42,30,Fabrizius,"Si une Créature Magique vient d’être jouée, gagne 10 en Puissance","Il ne veut pas être suivi, seulement que chacun trouve la hauteur.",Academie,,Fabrizius Alvaran,Etudiant AZURALYS,136,,,,,,
7042758451,91,Syllas,1,36,38,45,39,Syllas,"Si Skyllar a déjà été jouée l’adversaire, perd 15 dans toutes ses stats",Syllas n’est pas arrogant… simplement habitué à avoir raison.,Academie,,Syllas Moonvale,Etudiant AZURALYS,158,,,,,,
4050780247,92,Skyllar,1,36,38,45,39,Skyllar,"Si Syllas a déjà été jouée, gagne 15 dans toutes ses stats",Elle parle comme on combat : avec panache et précision...,Academie,,Skyllar Moonvale,Etudiant AZURALYS,158,,,,,,
8971487020,93,Elyas,1,31,35,42,33,Elyas,"Si Noda a déjà été jouée, gagne 15 en Savoir","Il tombe, parfois. Mais toujours du côté des autres.",Academie,,Elyas Solenarius,Etudiant AZURALYS,141,,,,,,
9607049727,94,Sally,1,33,31,41,34,Sally,"Lorsqu’elle remporte un duel de Puissance, réduit de 5 les stats de la prochaine carte jouée par l’adversaire",Elle pose des questions simples… et déstabilise les plus grands esprits.,Academie,,Sally Slyth,Etudiant AZURALYS,139,,,,,,
9955104926,95,Kael,1,46,34,37,31,Kael,"Si une Créature Magique a été jouée au tour précédent, gagne 10 en Ruse","Là où l’émotion prend feu, lui déploie ses ailes.",Academie,,Kael Blackwood,Etudiant FERROX,148,,,,,,
6594970797,96,Nyssia,1,47,32,35,35,Nyssia,"Si l’adversaire a plus de 50 en Puissance, force le sacrifice de l’adversaire",Certains parlent pour convaincre. Elle agit pour qu’ils se taisent.,Academie,,Nyssia Blackthorn,Etudiant FERROX,149,,,,,,
4474954013,97,Max,1,48,33,38,34,Max,"Si la Puissance de cette carte dépasse celle de l’adversaire, l’adversaire perd 5 en Puissance au prochain duel",Max ne frappe pas pour blesser. Il frappe pour qu’on n’oublie pas.,Academie,,Max Dawson,Etudiant FERROX,153,,,,,,
9874435737,98,Cassius,1,46,36,37,35,Cassius E,"Lorsqu’elle est vaincue, réduit de 10 la stat la plus élevée de l’adversaire au prochain tour",Sa loyauté va là où la lumière monte. Mais il sait marcher dans l’ombre.,Academie,,Cassius Everstone,Etudiant FERROX,154,,,,,,
1526323331,99,Kefta,1,45,34,31,33,Kefta,"À la fin du tour, désactive l’attribut choisi ce tour pour les deux joueurs au prochain tour",Kefta ne demande rien. Il prend ce qu’on ne lui donne pas.,Academie,,Kefta Adams,Etudiant FERROX,143,,,,,,
5558383393,100,Fabio,1,42,32,33,30,Fabio,"Si sa Puissance est inférieure à celle de l’adversaire, gagne 10 dans ses trois autres attributs",On dit qu’il encaisse tout. Mais c’est oublier qu’il rend toujours.,Academie,,Fabio Espinoza,Etudiant FERROX,137,,,,,,
9850299118,101,Pipa,1,44,39,29,28,Pipa,"Si l’adversaire a plus de 55 en Charisme, annule le pouvoir de l’adversaire","Elle vole  aussi aléatoirement que survient la mort : sans prévenir, et avec fracas.",Academie,,Pipa Pimplestein,Etudiant FERROX,140,,,,,,
3853693164,102,Nalumi,1,45,37,33,31,Nalumi,"Lorsque cette carte est jouée, échange le malus de sacrifice actuel avec celui de l’adversaire",On croit l’intimider. Mais on ne fait que l’aiguiser.,Academie,,Nalumi Astoria,Etudiant FERROX,146,,,,,,
5221817738,103,Jaden,1,50,39,25,29,Jaden,"Lorsqu’elle est jouée, se sacrifie immédiatement et double le bonus de sacrifice obtenu",Il n’obéissait à personne. Sauf peut-être à ce qui se murmurait dans sa tête.,Academie,,Jaden Balivarius,Etudiant FERROX,143,,,,,,
2950073556,104,Viktoria,1,46,38,27,36,Viktoria,"Pendant ce duel, gagne 5 dans toutes ses stats pour chaque attribut de l’adversaire supérieur à 50","Elle ne craint pas l’ombre, mais ceux qui la défient finissent toujours éblouis.",Academie,,Viktoria Churakov,Etudiant FERROX,147,,,,,,
6957050723,105,Johanna,1,43,35,32,39,Johanna,"Lorsqu’elle est jouée, double le bonus de sacrifice au prochain tour",Elle n’a pas besoin d’ordres. Elle sait déjà ce qu’on attend d’elle.,Academie,,Johanna Samji,Etudiant FERROX,149,,,,,,
6079589073,106,Penelope,1,43,34,31,38,Penelope,"Lorsqu’elle est jouée, gagne 1 dans chaque attribut pour chaque duel déjà joué",Elle ne triche jamais. Elle trouve les failles.,Academie,,Peneloppe Foster,Etudiant FERROX,146,,,,,,
8764804496,107,Atreus,1,45,32,36,33,Atreus,"Lorsqu'il est joué, réduit de 10 la Puissance de l’adversaire",Il ne discute pas les règles. Il redéfinit le terrain.,Academie,,Atreus Valesco,Etudiant FERROX,146,,,,,,
6830786270,108,Osiris,1,38,32,18,42,Osiris,"Si une carte a déjà été bannie, limite toutes les stats des deux cartes à 60 pour ce duel",Osiris n’a pas échoué. Il a débordé.,Village,,Osiris White,Tavernier,130,,,,,,
5426078786,109,Erebos,1,45,32,35,30,Erebos,"Si l’adversaire sacrifie ce tour, gagne 10 en Savoir",La peur ne l’arrête pas. Elle le guide.,Academie,,Erebos Eratheon,Etudiant FERROX,142,,,,,,
1987883827,110,Raven,1,43,33,29,37,Raven,"Si le joueur a remporté les deux derniers duels, perd automatiquement ce duel ; sinon, gagne 15 en Puissance",On dit qu’il avance de deux pas et recule de 36. ,Academie,,Raven Griffin,Etudiant FERROX,142,,,,,,
3042260236,111,Damir,1,39,46,33,38,Damir,"Lorsque cette carte est jouée, réduit de 2 le malus de sacrifice du joueur","Chaque mot est une manœuvre. Chaque silence, un piège.",Academie,,Damir Popovic,Etudiant FELORA,156,,,,,,
0082531471,112,Kamil,1,31,43,35,36,Kamil,"Lorsque cette carte est jouée, copie le pouvoir de l’adversaire ; l’attribut choisi ce tour ne peut pas être rejoué au prochain tour",Il vise haut. Et il y monte… sur ton dos.,Academie,,Kamil Kayser Esidor,Etudiant FELORA,145,,,,,,
4999654973,113,Cassius,1,33,44,36,32,Cassius L,"Si le joueur a effectué plus de sacrifices que l’adversaire, réduit de 10 toutes les stats de l’adversaire",On le sous-estime une fois. Pas deux.,Academie,,Cassius Lockwood,Etudiant FELORA,145,,,,,,
0777044207,114,Althea,1,32,49,37,35,Althea,"Lorsqu’elle est sacrifiée, si la prochaine carte est du même type, elle gagne 4 dans toutes ses stats","Sous ses airs tranquilles, un esprit tranchant.",Academie,,Althea Draegwen,Etudiant FELORA,153,,,,,,
5999171000,115,Sullyvan,1,34,45,38,32,Sullyvan,"Pendant ce duel, réduit de 10 la Ruse de l’adversaire","Il t’écoute, puis utilise tes mots contre toi.",Academie,,Sullyvan Hamilton,Etudiant FELORA,149,,,,,,
2512277341,116,Soren,1,36,47,34,34,Soren,"À la fin du tour, désactive l’attribut Ruse pour les deux joueurs au prochain tour","Furtif, fin, fatal.",Academie,,Soren Thrynn,Etudiant FELORA,151,,,,,,
4086652251,117,Archibald,1,40,40,31,35,Archibald,"Si la Ruse de cette carte est inférieure à celle de l’adversaire, ses trois autres stats gagnent 10",Il a le don d’être sous-estimé. Et l’art de le faire payer.,Academie,,Archibald Ravenscroft,Etudiant FELORA,146,,,,,,
6746784927,118,Anya,1,35,50,29,33,Anya,"Si la Ruse de cette carte est supérieure à celle de l’adversaire, l’adversaire commence le prochain duel avec un malus de 5 en Ruse","Un regard, un sourire… et tu n’es plus en position de force.",Academie,,Anya Lockwood,Etudiant FELORA,147,,,,,,
3725223391,119,Aemond,1,39,50,35,31,Aemond,"Si le joueur remporte ce duel, son prochain sacrifice n’augmente pas le malus de sacrifice",Il ne parle pas fort. Il fait pencher les décisions.,Academie,,Aemond Dreknir,Etudiant FELORA,155,,,,,,
5730079430,120,Lucian,1,32,48,30,35,Lucian,"Si l’adversaire a plus de 50 en Ruse, ramène sa Ruse à 50",Derrière chaque silence : une stratégie.,Academie,,Lucian Horn,Etudiant FELORA,145,,,,,,
8008577790,121,Nathan V.,1,38,47,39,34,Nathan V,"Si cette carte remporte un duel de Ruse, réduit de 5 les stats de la prochaine carte jouée par l’adversaire",On croit l’avoir compris. C’est là qu’on est piégé.,Academie,,Nathan Valgard,Etudiant FELORA,158,,,,,,
4325372243,122,Howard,1,37,45,32,33,Howard,"Pendant ce duel, échange son Savoir avec celui de l’adversaire",Il ne ment pas. Il guide ta perception. C’est pire.,Academie,,Howard McCallen,Etudiant FELORA,147,,,,,,
9973447380,123,Lionnel,1,36,45,31,37,Lionnel,"Si une Créature Magique a été jouée au tour précédent, gagne 10 en Charisme",Il n’est jamais où on l’attend... mais toujours là où ça compte.,Academie,,Lionnel Opieu,Etudiant FELORA,149,,,,,,
6576563227,124,Ahron,1,37,47,36,32,Ahron,"Si l’adversaire a plus de 50 en Ruse, force le sacrifice de l’adversaire",Il n’élève pas sa voix. Il élève sa valeur.,Academie,,Ahron Reathmore,Etudiant FELORA,152,,,,,,
8304629669,125,Abigail,1,33,48,35,36,Abigail,"Lorsqu’elle est sacrifiée, force l’adversaire à jouer sa carte face visible au prochain tour",Son ambition ne se voit pas… elle s’entend dans les silences.,Academie,,Abigail Sinclair,Etudiant FELORA,152,,,,,,
8762607909,126,Lucia,1,34,32,39,49,Lucia,"Si l’adversaire a plus de 50 en Charisme, ramène son Charisme à 50","Son courage ne se crie pas. Il se prouve, blessure après blessure.",Academie,,Lucia Everlynth,Etudiant ORAGONN,154,,,,,,
3981151432,127,Nyx,1,38,39,32,47,Nyx F,"Si le joueur devine l’attribut le plus élevé de la carte adverse, gagne 10 dans toutes ses stats","Elle ne cherche pas l’approbation. Elle s’impose, puis regarde qui suit.",Academie,,Nyx Fallen,Etudiant ORAGONN,156,,,,,,
0720002795,128,Skye,1,35,36,37,50,Skye,"Si le Charisme de cette carte est supérieur à celui de l’adversaire, l’adversaire commence le prochain duel avec un malus de 5 en Charisme","Elle n’a jamais juré fidélité… elle l’est, par essence.",Academie,,Skye Bloom,Etudiant ORAGONN,158,,,,,,
2068632832,129,Thalia,1,32,30,38,48,Thalia Z,"Lorsqu’elle est jouée, regarde le dessus et le dessous de la pioche, choisit laquelle piocher, puis défausse la carte en main","On ne lui doit rien. Et pourtant, tout le monde lui fait confiance.",Academie,,Thalia Zoralis,Etudiant ORAGONN,148,,,,,,
0972655773,130,Ray,1,36,39,31,43,Ray,"Pendant ce duel, si l’adversaire joue une Créature Magique, réduit de moitié ses stats ce tour",Le dragon gronde dans son regard quand l’injustice approche.,Academie,,Ray Griffon,Etudiant ORAGONN,149,,,,,,
1707203822,131,Jolly,1,37,38,34,42,Jolly,"Si le joueur annonce à voix haute l’attribut choisi avant la résolution, gagne 10 dans toutes ses stats","Il donne sans compter, même quand il ne lui reste presque rien.",Academie,,Jolly Elowen,Etudiant ORAGONN,151,,,,,,
3909139015,132,Lucas,1,34,35,33,44,Lucas,"Si l’adversaire sacrifie ce tour, gagne 10 en Ruse",Il n’a pas besoin d’armure. Sa loyauté en est une.,Academie,,Lucas Origin,Etudiant ORAGONN,146,,,,,,
6219886516,133,Éléna,1,32,31,36,46,Elena C,"Si Alaster a déjà été jouée, gagne 15 en Ruse",Certaines naissent pour briller. Elle est née pour protéger.,Academie,,Éléna Cléorane,Etudiant ORAGONN,145,,,,,,
5902335538,134,Jorwyn,1,38,34,33,41,Jorwyn,"Si le Charisme de cette carte est inférieur à celui de l’adversaire, ses trois autres stats gagnent 10",Ce n’est pas la victoire qui le rend fier. C’est d’être resté fidèle à lui-même.,Academie,,Jorwyn Vykrôn,Etudiant ORAGONN,146,,,,,,
3278422077,135,Eleanor,1,35,37,29,45,Eleanor,"Si une carte Académie a déjà été jouée, gagne 5 dans l’attribut choisi","Quand tout s’écroule, c’est elle qu’on regarde.",Academie,,Eleanor Wilson,Etudiant ORAGONN,146,,,,,,
4554960388,136,Aedan,1,39,32,31,42,Aedan,"Si une Licorne a été sacrifiée dans la partie, double toutes ses stats",Il ne se bat pas pour gagner. Il se bat pour ceux qui ne le peuvent pas.,Academie,,Aedan Noxen,Etudiant ORAGONN,144,,,,,,
4039941601,137,Laguna,1,33,31,48,37,Laguna,"Si l’adversaire sacrifie ce tour, gagne 10 en Charisme","Quand il semble hésiter, il est déjà trois coups plus loin.",Academie,,Laguna Plums,Etudiant AZURALYS,149,,,,,,
5411649446,138,Ashley,1,35,29,50,36,Ashley,"Si le Savoir de cette carte est supérieur à celui de l’adversaire, l’adversaire commence le prochain duel avec un malus de 5 en Savoir",Son esprit est un labyrinthe — ceux qui s’y aventurent s’y perdent.,Academie,,Ashley Hamilton,Etudiant AZURALYS,150,,,,,,
5032291236,139,Nora,1,34,26,46,34,Nora,Cette carte est jouée face visible et gagne 10 en Ruse lorsqu’elle est jouée,L’oiseau d’AZURALYS ne fuit pas. Il plane jusqu’à ce que tout devienne clair.,Academie,,Nora Vykron,Etudiant AZURALYS,140,,,,,,
3699792824,140,Nathan H.,1,37,33,47,35,Nathan H,"Lorsqu’il est sacrifié, réduit de 1 le malus de sacrifice de chaque joueur",Il ne cherche pas à convaincre. Il amène les autres à conclure d’eux-mêmes.,Academie,,Nathan Harrington,Etudiant AZURALYS,152,,,,,,
8033272907,141,Dagfinn,1,38,35,45,36,Dagfinn,Echange l'attribut Charisme avec celui de l'adversaire.,Il ne perd jamais son sang-froid... Même quand les autres perdent la tête.,Academie,,Dagffinn Aeltharyn,Etudiant AZURALYS,154,,,,,,
6704384432,142,Elias,1,35,28,39,43,Elias,Limite tous les bonus adverses à +5 ce tour,"Il ne parle pas de ses principes. Il les incarne, même quand ça coûte.",Academie,,Elias Malemort,Etudiant ORAGONN,145,,,,,,
0019303038,143,Isaac,1,34,29,33,48,Isaac,"Si l’adversaire a plus de 50 en Charisme, force le sacrifice de l’adversaire","Certains fuient l’orage. Lui, il marche dedans.",Academie,,Isaac Hornwood,Etudiant ORAGONN,144,,,,,,
4963861792,144,Yu,1,29,34,32,47,Yu,"Lorsque cette carte est jouée, regarde la carte en main de l’adversaire puis lui propose de la bannir",Elle ne crie pas sa vérité. Elle marche avec.,Academie,,Yu Intellside,Etudiant ORAGONN,142,,,,,,
1863392492,145,Varek,1,29,35,36,42,Varek,"Lorsqu’elle est sacrifiée, limite la Ruse de l’adversaire à 50 au prochain duel",Il n’a pas besoin de dire qu’il est fiable. Il suffit de voir qui reste debout.,Academie,,Varek Kerrigan,Etudiant ORAGONN,142,,,,,,
9952546361,146,Alaster,1,31,33,37,46,Alaster,"Si cette carte remporte un duel de Charisme, réduit de 5 les stats de la prochaine carte jouée par l’adversaire","Il ne suit pas le vent. Il tient sa ligne, même quand tout cède.",Academie,,Alaster Carteill,Etudiant ORAGONN,147,,,,,,
0286689048,147,Abriel,1,33,27,34,42,Abriel,"Lorsqu’elle est sacrifiée, limite la Puissance de l’adversaire à 50 au prochain duel",On pense qu’il est lent. Il attend juste que courir ait un sens.,Academie,,Abriel Aegis,Etudiant ORAGONN,136,,,,,,
0831810107,148,Lilya,1,32,38,35,50,Lilya,"Au début du tour, peut choisir deux attributs ; le plus favorable l’emporte",Elle n’a pas besoin de tempête autour. Elle a déjà l’éclair dans le regard.,Academie,,Lilya Blackthorn,Etudiant ORAGONN,155,,,,,,
2251250326,149,Fyl,1,35,26,37,45,Fyl,Réduit de 10 le Savoir de l’adversaire,Il n’est pas fait pour les discours. Mais ses silences portent des serments.,Academie,,Fyl Latham,Etudiant ORAGONN,143,,,,,,
3619374900,150,Crystal,1,28,33,38,49,Crystal,"Peut annuler le pouvoir de l’adversaire ; si elle le fait, la prochaine carte du joueur perd son propre pouvoir","Elle ne promet jamais. Elle fait, ou elle se tait.",Academie,,Crystal Foster,Etudiant ORAGONN,148,,,,,,
3014271667,151,Bonnie,1,31,25,39,43,Bonnie,"Si l’adversaire a plus de 55 en Ruse, annule le pouvoir de l’adversaire",Elle ne plie pas. Même quand tout en elle hurle de le faire.,Academie,,Bonnie Waterson,Etudiant ORAGONN,138,,,,,,
4269310352,152,Varis,1,29,35,33,46,Varis,Réduit de 10 le Charisme de l’adversaire,Il ne cherche pas à plaire. Il veut pouvoir se regarder en face.,Academie,,Varis Mystralah,Etudiant ORAGONN,143,,,,,,
1338247605,153,Élio,1,29,35,46,37,Elio,"Si aucun sacrifice n’est fait ce tour, gagne 10 en Charisme",Il ne se presse jamais. C’est le temps qui s’adapte à son rythme.,Academie,,Élio Alarion,Etudiant AZURALYS,147,,,,,,
4912109887,154,Isack,1,31,37,48,39,Isack,"Si aucun sacrifice n’est fait ce tour, gagne 10 en Ruse","Il ne se perd jamais. Il connaît l’échiquier, même dans l’obscurité.",Academie,,Isack Desosailly,Etudiant AZURALYS,155,,,,,,
8918596494,155,Lyra,1,32,39,50,35,Lyra,"Si aucune Créature Magique n’a été jouée depuis le début de la partie, gagne 7 dans toutes ses stats","Certains se battent pour briller. Elle, pour ne pas s’éteindre.",Academie,,Lyra Moonwhisper,Etudiant AZURALYS,156,,,,,,
2949425494,156,Lilith,1,29,34,49,38,Lilith,"Lorsqu’elle remporte un duel de Savoir, réduit de 5 les stats de la prochaine carte jouée par l’adversaire","Son aura ne brille pas. Il s’infiltre, s’installe, et devient indispensable.",Academie,,Lilith Anderson,Etudiant AZURALYS,150,,,,,,
7185240098,157,Logan,1,30,36,43,33,Logan,"Si le Savoir de cette carte est inférieur à celui de l’adversaire, ses trois autres stats gagnent 10",Il ne cherche pas à contrôler. Il suggère si finement qu’on croit avoir choisi.,Academie,,Logan Pierce,Etudiant AZURALYS,142,,,,,,
5164783918,158,Bébé Dragon,2,70,50,10,48,Bebe Dragon,"Si une carte Ministère a déjà été jouée, gagne 5 dans l’attribut choisi",Il ne sait pas encore voler. Mais il sait déjà où viser quand il crache.,CM,Dragon,Bébé Dragon,RANG C,178,,,,,,
8163855086,159,Dragon Adulte,3,85,55,36,49,Dragon Adulte,Échange les valeurs de Puissance et Ruse de la carte adverse pour ce duel,Il n’a pas besoin de voler. L’ombre de ses ailes suffit à faire fuir.,CM,Dragon,Dragon adulte,RANG B,225,,,,,,
8272252749,160,Dragon Ancien,4,92,77,49,51,Dragon Ancien,"Si 10 tours ont déjà été joués, retourne les deux pioches","Il a vu les empires naître, tomber, et recommencer...",CM,Dragon,Dragon Ancien,RANG A,269,,,,,,
8813790538,161,Dragon Wendelhart,5,90,82,60,55,Dragon Wendelhart,"Si c’est la première carte jouée de la partie, gagne automatiquement le duel",Son feu ne répond qu’à une lignée : les Wendelhart.,CM,Dragon,Dragon Wendelhart,,287,,,,,,
2784935295,162,Licorne,3,25,20,52,58,Licorne,"Lorsqu’elle est sacrifiée, double un attribut au choix mais double aussi le malus de sacrifice actuel","Sa corne ne frappe pas. Elle guérit, ou révèle ce qu’on préfère cacher.",CM,,Licorne,RANG B,155,,,,,,
6924349597,163,Varlan,5,95,74,67,63,Varlan,"Si cette carte est jouée depuis la défausse, elle devient invincible ce tour","Sous sa peau, deux natures se déchirent, cherchant un équilibre impossible.",Mythe,Mort-vivant,Varlan,RANG S+,299,,,,,,
1229163663,164,Oeufs Magiques,1,2,1,1,18,Oeufs Magiques,"Lorsqu’elle est sacrifiée, double toutes les stats de la carte jouée au dernier tour",Les œufs magiques n’ont pas de défense. Leur force est ailleurs.,CM,,Oeufs Magiques,RANG D,22,,,,,,
2251290784,165,Salamandre,1,15,8,12,10,Salamandre,"Si l’adversaire sacrifie ce tour, gagne 10 en Puissance",On ne chasse pas la salamandre pour la tuer. On l’éteint.,CM,Salamandre,Salamandre,RANG D,45,,,,,,
0233957493,166,Globule,2,22,63,48,30,Globule,"Si une Créature Magique a déjà été jouée, gagne 5 dans l’attribut choisi",Elle ne brûle pas. Elle embrase la rébellion.,Mythe,Salamandre,Globule,,163,,,,,,
2894090318,167,Chef,2,63,48,30,22,Chef,"Si Globule a déjà été jouée, sa Ruse devient égale à sa Puissance","Son cri traverse les cendres. Et ça, personne ne l’avait prévu.",Mythe,Salamandre,Chef,Mec globule,163,,,,,,
2456482608,168,Metanimal,1,33,46,50,49,Metanimal,"Si le joueur perd ce duel, l’adversaire défausse sa carte en main puis pioche une carte au hasard dans sa défausse",Chaque transformation est une nouvelle histoire gravée dans sa peau.,CM,,Metanimal,RANG D,178,,,,,,
1160734220,169,Troll,3,65,51,23,19,Troll,"Lorsqu’il est joué, fixe le prochain duel en Puissance",Il ne parle que quand ses poings ne suffisent plus.,CM,,Troll,RANG B,158,,,,,,
7413889179,170,Chef des Trolls,4,70,55,51,24,Chef des Trolls,"À la fin du tour, désactive l’attribut Puissance pour les deux joueurs au prochain tour","Son poing est une loi, sa parole un serment inviolable.",CM,,Chef des Trolls,RANG A,200,,,,,,
5397016121,171,Anansi,3,53,66,11,16,Anansi,"Après la révélation, peut échanger les cartes en main des deux joueurs","Chaque fil est une ruse, chaque groupe une armée invisible.",CM,,Anansi,RANG B,146,,,,,,
0647809082,172,Mère des Anansi,4,68,70,14,51,Mere Anansi,"Si aucun sacrifice n’a été effectué depuis le début de la partie, force immédiatement les deux joueurs à sacrifier leur carte en main",Sous son ventre grouillent des armées invisibles et fidèles.,CM,,Mère des Anansi,RANG A,203,,,,,,
4056807363,173,Lycan Omega,3,56,52,44,37,Lycan Omega,Gagne 2 dans toutes ses stats pour chaque sacrifice déjà effectué par le joueur,Il porte la solitude comme une armure et la meute comme un choix.,CM,,Lycan Omega,RANG B,189,,,,,,
9042439470,174,Lycan Beta,2,52,49,40,39,Lycan Beta,"Si le Lycan Alpha a déjà été joué, gagne 10 en Puissance","Il est le cœur battant de la meute, fidèle et vigilant.",CM,,Lycan Beta,RANG C,180,,,,,,
0265229016,175,Lycan Alpha,4,66,57,54,48,Lycan Alpha,"Propose à l’adversaire de ne pas utiliser son pouvoir ; s’il accepte, la dernière carte sacrifiée par chaque joueur revient dans sa pioche",Son hurlement fait vibrer la terre et plier les volontés.,CM,,Lycan Alpha,RANG A,225,,,,,,
7160164922,176,Vampire Originel,4,65,64,49,58,Vampire Originel,Gagne 5 dans toutes ses stats pour chaque autre Vampire déjà joué,Ses yeux racontent l’histoire millénaire d’un pouvoir inaltérable.,CM,Mort-vivant,Vampire Originel,RANG A,236,,,,,,
2378708594,177,Vampire Transformé,3,61,47,49,55,Vampire Transforme,"Si le joueur perd le duel, le prochain sacrifice n’augmente pas le malus de sacrifice","Transformé par le sang, il marche entre lumière et ombre.",CM,Mort-vivant,Vampire Transformé,RANG B,212,,,,,,
8060928144,178,Vampire Hybride,5,83,69,51,51,Vampire Hybride,Confère un bonus permanent de 5 dans toutes les stats à toutes les autres Créatures Magiques du deck,"Né d’une union maudite, il est rejeté par deux mondes qui le craignent.",CM,Mort-vivant,Vampire Hybride,RANG S,254,,,,,,
0466189845,179,Vampire Ancien Originel,4,77,67,65,50,Vampire Ancien Originel,Chaque joueur ajoute un bonus permanent égal à son nombre de sacrifices à tous ses attributs,Il porte dans ses veines le savoir de l’éternité.,CM,Mort-vivant,Vampire Ancien Originel,RANG A,259,,,,,,
8452900057,180,Elementaire Eau,1,10,8,50,32,Elementaire Eau,"Si cette carte perd un duel sur Savoir, inflige néanmoins –2 permanent au Savoir de l’adversaire",Il est le murmure des rivières et la fureur des océans.,CM,,Elementaire Eau,RANG D,100,,,,,,
2688714811,181,Elementaire Feu,1,50,32,10,8,Elementaire Feu,"Si cette carte perd un duel sur Puissance, inflige néanmoins –2 permanent à la Puissance de l’adversaire",Il est le souffle du chaos et du renouveau.,CM,,Elementaire Feu,RANG D,100,,,,,,
3973336978,182,Elementaire Terre,1,8,50,32,10,Elementaire Terre,"Si cette carte perd un duel sur Ruse, inflige néanmoins –2 permanent à la Ruse de l’adversaire","Il sent chaque tremblement, chaque souffle sous la surface.",CM,,Elementaire Terre,RANG D,100,,,,,,
0948192170,183,Elementaire Air,1,32,10,8,50,Elementaire Air,"Si cette carte perd un duel sur Charisme, inflige néanmoins –2 permanent au Charisme de l’adversaire",Il est le murmure qui précède la tempête et la caresse qui apaise.,CM,,Elementaire Air,RANG D,100,,,,,,
4299892700,184,Sirène,3,50,78,40,55,Sirene,Échange les valeurs de Charisme et Ruse de la carte adverse pour ce duel,Son chant est une prison dorée dont nul ne sort indemne.,CM,,Sirène,RANG B,223,,,,,,
3952783928,185,Phoenix,4,52,13,60,57,Phoenix,"Choisit un attribut ; si le duel est perdu avec un écart d’au moins 15, récupère la dernière carte de la défausse dans la main","Brûler est sa nature, renaître est sa vengeance.",CM,,Phoenix,RANG A,182,,,,,,
2952517550,186,Mortalis noctis,2,48,72,49,21,Mortalis noctis,"Si cette carte remporte le duel, l’adversaire renonce à un attribut au hasard au prochain tour",Il naît là où les sorciers étouffent leur colère trop longtemps.,CM,,Mortalis noctis,RANG C,190,,,,,,
7253748195,187,Requin de Moon,3,53,51,5,9,Requin de Moon,"Si l’adversaire a sacrifié une carte au tour précédent, gagne 15 en Puissance","Son appétit est ancien, son flair, légendaire.",CM,,Requin de Moon,RANG B,118,,,,,,
3803115128,188,Wendigo,5,80,59,51,52,Wendigo,"Si l’adversaire sacrifie ce tour, il perd 5 dans toutes ses stats au tour suivant",On entend ses bois grincer bien avant que la terre ne frissonne.,CM,,Wendigo,RANG S,242,,,,,,
5142145503,189,Fenrir,5,92,51,51,64,Fenrir,"Réduit de 10 toutes ses stats ; si le joueur est sur une série de 2 défaites ou plus, gagne plutôt 20 en Ruse et en Savoir",Sa rage est un feu noir qui consume tout sur son passage.,CM,,Fenrir,RANG S+,258,,,,,,
5680100169,190,Roi Triton,4,55,84,46,57,Roi Triton,Perd 2 dans toutes ses stats pour chaque sacrifice déjà effectué par le joueur,Sa voix fait plier les courants et trembler les abysses.,CM,,Roi Triton,RANG B,242,,,,,,
6042908724,191,Démon Majeur,5,95,81,79,66,Demon Majeur,"Si une carte de rang 5 a déjà été jouée, perd 15 dans toutes ses stats","Il ne connaît ni pitié, ni repos... Seulement la destruction.",CM,,Démon Majeur,RANG S+,321,,,,,,
1265035668,192,Béhémoth,5,93,53,64,55,Behemoth,"Si ce duel est remporté avec un écart d’au moins 35, l’adversaire ne peut ni sacrifier ni changer d’attribut au prochain tour","Sous sa peau rugueuse, le monde entier semble minuscule.",CM,,Béhémoth,RANG S+,265,,,,,,
3682942007,193,Sphinx,4,22,78,80,56,Sphinx,"Lorsqu’il est joué, fixe le prochain duel en Savoir",Ses yeux scrutent l’âme avant que ses lèvres ne bougent.,CM,,Sphinx,RANG A,236,,,,,,
0638445953,194,Scorpion géant,4,63,71,20,51,Scorpion geant,"Lorsqu’il est joué, annule tous les pouvoirs du prochain tour pour les deux joueurs",Chaque piqûre est une condamnation silencieuse.,CM,,Scorpion géant,RANG A,205,,,,,,
8195624551,195,Oiseau Tonnerre,4,64,53,26,67,Oiseau Tonnerre,"Lorsqu’il est joué, fixe le prochain duel en Charisme","Il porte la foudre dans ses serres, imprévisible et sauvage.",CM,,Oiseau Tonnerre,RANG A,210,,,,,,
8933755872,196,Basilic,3,77,55,46,40,Basilic,"Si la carte adverse n’est pas une Créature Magique, elle est défaussée","Sous ses écailles, coule un poison capable de consumer des armées.",CM,,Basilic,RANG B,218,,,,,,
2511201425,197,Basilic géant,4,81,68,47,51,Basilic geant,"Si la carte adverse n’est pas une Créature Magique, elle est définitivement bannie",Son regard pétrifie même les guerriers les plus aguerris.,CM,,Basilic géant,RANG A,247,,,,,,
1931181088,198,Dryade,3,28,39,83,52,Dryade,Regarde les 2 prochaines cartes de sa pioche et les replace dans l’ordre souhaité,"Elle est l’âme vivante des bois, fragile et immortelle.",CM,,Dryade,RANG B,202,,,,,,
0934497981,199,Elfe des ressources,3,26,41,66,56,Elfe des ressources,Échange une carte de la défausse avec une carte du deck au hasard,Il déniche les richesses que la terre garde jalousement.,CM,Elfe,Elfe des ressources,RANG B,189,,,,,,
0562306164,200,Elfe Bricoleur,3,25,43,65,53,Elfe Bricoleur,Gagne 10 dans un attribut au choix mais perd 10 dans un autre attribut,Ses mains transforment le chaos en ordre mécanique parfait.,CM,Elfe,Elfe bricoleur,RANG B,186,,,,,,
1785095560,201,Elfe de Lumière,3,28,42,67,57,Elfe de lumiere,Échange les valeurs de Charisme et Savoir de la carte adverse pour ce duel,Sa présence est un phare dans la nuit la plus profonde.,CM,Elfe,Elfe de lumière,RANG B,194,,,,,,
5933824634,202,Elfe Commun,3,24,39,63,52,Elfe Commun,"Si aucun sacrifice n’est fait ce tour, gagne 10 en Savoir",Il entend le murmure des arbres et la danse des rivières.,CM,Elfe,Elfe commun,RANG B,178,,,,,,
3662080601,203,Elfe Marin,3,27,40,64,55,Elfe Marin,"Si cette carte est boostée par un sacrifice, révèle la carte du dessus de la pioche adverse et décide si elle reste au-dessus ou est placée sous le deck","Sous l’écume, ses yeux brillent d’une sagesse salée.",CM,Elfe,Elfe marin,RANG B,186,,,,,,
4945785155,204,Golem,3,62,6,2,51,Golem,"Si cette carte est ressuscitée, elle revient avec 10 dans chaque attribut","Il obéit sans question, gardien infatigable des secrets sacrés.",CM,,Golem,RANG B,121,,,,,,
0331843478,205,Hippogriffe,3,52,23,20,62,Hippogriffe,"Lors de la révélation, si l’adversaire a choisi son attribut le plus élevé, force le choix d’un autre attribut",Il garde la frontière entre le ciel et la terre avec fierté.,CM,,Hippogriffe,RANG B,157,,,,,,
7652500425,206,Kelpie,3,51,21,32,53,Kelpie,"Si cette carte perd le duel, l’adversaire perd 5 dans toutes ses stats au tour suivant","Face à lui, même l’eau semble retenir son souffle.",CM,,Kelpie,RANG B,157,,,,,,
4611587791,207,Manticore,3,65,51,20,24,Manticore,"Si cette carte affronte une carte du même rang, gagne 10 dans toutes ses stats","Elle guette silencieusement, prête à fondre sur sa proie.",CM,,Manticore,RANG B,160,,,,,,
1943021516,208,Minotaure,3,71,53,27,33,Minotaure,"Si une carte de rang 5 a déjà été jouée, perd 10 dans sa stat la plus haute","Face à lui, la ruse doit se mêler à la force pour espérer survivre.",CM,,Minotaure,RANG B,184,,,,,,
2677569417,209,Ogre des montagnes,3,64,13,20,51,Ogre des montagnes,"À la fin du tour, désactive l’attribut Charisme pour les deux joueurs au prochain tour","Il ignore la peur, seul règne sa force sauvage.",CM,,Ogre des montagnes,RANG B,148,,,,,,
1603091983,210,Sylphe,3,37,58,51,21,Sylphe,Échange les valeurs de Savoir et Ruse de la carte adverse pour ce duel,Elle ne laisse derrière elle qu’un frisson dans l’air.,CM,,Sylphe,RANG B,167,,,,,,
5904322777,211,Cerbère,4,65,54,29,53,Cerbere,"Lorsqu’il est joué, ajuste le malus de sacrifice du joueur à 3, quel qu’en soit le niveau actuel","Il ne dort jamais : quand une tête ferme l’œil, deux veillent.",CM,,Cerbère,RANG A,201,,,,,,
6930033318,212,Chimère,4,55,56,60,25,Chimere,"Si aucun sacrifice n’est fait ce tour, gagne 10 en Puissance","Elle avance comme une énigme vivante, imprévisible et létale.",CM,,Chimère,RANG A,196,,,,,,
5223432734,213,Esprit vengeur,4,52,61,32,53,Esprit vengeur,"Si l’adversaire n’a pas sacrifié depuis deux tours, gagne 8 dans l’attribut choisi","Il avance sans corps, mais son poids écrase les âmes.",CM,,Esprit vengeur,RANG A,198,,,,,,
5525325982,214,Garuda,4,69,40,58,60,Garuda,Échange les valeurs de Puissance et Savoir de la carte adverse pour ce duel,Son cri perce les nuages comme une lame divine.,CM,,Garuda,RANG A,227,,,,,,
5917945470,215,Léviathan,5,91,73,67,55,Leviathan,Augmente de 10 toutes les stats de l’adversaire,"Ses yeux ont vu le monde naître, et ils verront sa fin.",CM,,Leviathan,RANG S+,286,,,,,,
7638805710,216,Tyran des ombres,5,95,80,77,66,Tyran des ombres,"Lorsqu’il est sacrifié, applique un malus de 10 dans toutes les stats à la prochaine carte de l’adversaire","Sa couronne est faite de murmures, son trône d’illusions.",Mythe,,Tyran des ombres,RANG S+,318,,,,,,
8689598848,217,Apophis,5,99,79,65,57,Apophis,"Si le joueur a gagné plus de manches que l’adversaire, cette carte entre en jeu avec –15 dans toutes ses stats",Il ne veut pas dominer… Il veut que tout s’effondre.,CM,,Apophis,RANG S++,300,,,,,,
8310240637,218,Créature cosmique,5,98,66,85,72,Creature cosmique,"Lorsqu’elle est sacrifiée, est bannie du jeu mais réinitialise le malus de sacrifice à 0","Son souffle crée des galaxies, son silence les éteint.",CM,,Créature cosmique,RANG S++,321,,,,,,
5634481006,219,Jörmungandr,5,97,82,69,55,Jormungandr,"Lorsqu’elle est sacrifiée, revient en jeu lorsqu’un adversaire totalise 7 victoires",Il entoure le monde… et le serre un peu plus chaque siècle.,CM,,Jörmungandr,RANG S++,303,,,,,,
7920145759,220,Nidhögg,5,96,85,62,58,Nidhogg,Ne peut pas être affectée par des bonus alliés ; elle combat seule,Son souffle est un poison qui s’infiltre dans la terre même.,CM,Dragon,Nidhögg,RANG S++,301,,,,,,
0154330093,221,Catoblepas,3,80,13,8,51,Catoblepas,"Si cette carte remporte le duel, l’attribut de l’adversaire est choisi aléatoirement au prochain tour",Son regard ne pardonne aucune faiblesse.,CM,,Catoblepas,RANG B,152,,,,,,
4157233280,222,Courtil,1,31,26,17,45,Courtil,"Pendant la sélection d’attribut, si les deux joueurs choisissent Charisme, annule le pouvoir de l’adversaire",Il ne se montre qu’aux cœurs purs et aux mains patientes.,CM,,Courtil,RANG D,119,,,,,,
9585072413,223,Brownie,1,10,25,22,29,Brownie,"Si cette carte affronte une carte du même type, gagne 10 dans toutes ses stats","Invisible pour la plupart, il est l’âme cachée des maisons bien tenues.",CM,,Brownie,RANG D,86,,,,,,
1137947998,224,Domovoï,1,15,25,45,35,Domovoi,"Si la carte adverse possède une stat supérieure à 50, elle ne peut pas utiliser son pouvoir",Les Domovoï n’aiment ni le chaos ni l’injustice.,CM,,Domovoï,RANG D,120,,,,,,
0464336160,225,Feu follet,1,9,47,12,11,Feu follet,"Pioche une carte au hasard dans la pioche adverse et la regarde ; si c’est une Créature Magique, gagne 5 dans toutes ses stats ; replace ensuite la carte sur le dessus de la pioche adverse",Ils attirent les voyageurs vers des chemins oubliés.,CM,,Feu follet,RANG D,79,,,,,,
3402492021,226,Pixie,1,23,48,36,45,Pixie,"Lorsqu’elle est sacrifiée, est bannie du jeu mais confère un bonus permanent de 2 dans un attribut au choix",Sa malice est aussi vive que ses éclairs de lumière.,CM,,Pixie,RANG D,152,,,,,,
3507306414,227,Plumorbe,1,11,15,2,34,Plumorbe,"Pendant 3 tours, les Créatures Magiques ne peuvent pas être sacrifiées",Ses plumes reflètent la tempête avant même qu’elle n’éclate.,CM,,Plumorbe,RANG D,62,,,,,,
3903509173,228,Boggart,2,30,51,30,31,Boggart,Choisit une stat ; elle gagne 10 points et toutes les autres stats perdent 10 points,Il nourrit la peur pour grandir et se renforcer.,CM,,Boggart,RANG C,142,,,,,,
5620786141,229,Caladrius,2,12,10,30,55,Caladrius,La carte du prochain tour est protégée contre les pouvoirs infligeant un malus,On dit que son chant apaise même les cœurs les plus brisés.,CM,,Caladrius,RANG C,107,,,,,,
2220318568,230,Chien noir,2,64,45,7,17,Chien noir,Supprime une carte au hasard de la défausse adverse et la bannit du jeu,"Son hurlement fend la nuit, annonçant la fin imminente.",CM,,Chien noir,RANG C,133,,,,,,
7209533946,231,Draugr,2,57,20,14,12,Draugr,"Pendant la sélection d’attribut, si les deux joueurs choisissent Puissance, annule le pouvoir de l’adversaire",Il erre là où la frontière entre vie et mort s’efface.,CM,Mort-vivant,Draugr,RANG C,103,,,,,,
6203998534,232,Gobelin timide,2,12,51,8,6,Gobelin timide,"Si le joueur perd le duel, l’adversaire défausse une carte de sa pioche",Le silence est sa meilleure arme contre les prédateurs.,CM,,Gobelin timide,RANG C,77,,,,,,
6819439067,233,Goule,2,51,7,5,5,Goule,"Si le joueur perd le duel, la carte adverse est bannie",Son appétit est aussi insatiable que son absence d’âme.,CM,,Goule,RANG C,68,,,,,,
8132727401,234,Helest,2,53,9,26,6,Helest,"Après la révélation, peut échanger la carte en main avec la carte en jeu",Il est le souffle des ténèbres qui efface la vérité.,CM,,Helest,RANG C,94,,,,,,
7691536122,235,Kappa,2,58,18,13,25,Kappa,"Si cette carte perd le duel, l’adversaire subit –10 dans l’attribut choisi au prochain tour",Sa coquille est aussi dure que son tempérament.,CM,,Kappa,RANG C,114,,,,,,
7570636265,236,Spectre mineur,2,30,52,10,5,Spectre mineur,Désactive tous les pouvoirs ce tour,Son passage laisse derrière lui un froid d’outre-tombe.,CM,,Spectre mineur,RANG C,97,,,,,,
9119928429,237,Wraith,2,63,35,15,26,Wraith,Transforme tous les malus en bonus et tous les bonus en malus ce tour,Il ne connaît ni pardon ni repos éternel.,CM,,Wraith,RANG C,139,,,,,,
8442733320,238,Sombrecroc,4,55,33,73,52,Sombrecroc,"Si l’adversaire a plus de 50 en Savoir, gagne 10 dans toutes ses stats ; sinon, perd 10 en Puissance",Il n’aboie pas. Il annonce le néant. Si vous le voyez il est déjà trop tard...,CM,Néant,Sombrecroc,RANG A,213,,,,,,
3634724224,239,Sombrépine,3,65,22,30,54,Sombrepine,"Si l’adversaire a sacrifié ce tour, réduit de 10 un attribut au choix de l’adversaire",Chaque pique raconte une mise à mort. Priez pour ne pas le croiser...,CM,Néant,Sombrépine,RANG B,171,,,,,,
9295444297,240,L'Empereur,4,80,60,50,72,Empereur,Le pouvoir de l’adversaire se retourne contre lui,"Son silence vaut des siècles. Sa colère, des ruines.",Mythe,Mort-vivant,l'empereur,Chef vampire,262,,,,,,
4135741376,241,L'Impératrice,4,60,72,50,80,Imperatrice,"Lorsqu’elle est sacrifiée, regarde la main de l’adversaire et choisit s’il joue cette carte ou celle face cachée","Son règne commence à peine. Et déjà, le silence se propage.",Mythe,Mort-vivant,l'impératrice,Chef vampire,262,,,,,,
5710116435,242,Zerkiev,3,58,55,45,48,Angel SD,"Si Kardes a déjà été joué, annule le pouvoir de l’adversaire",Il voit les failles avant même qu’elles apparaissent.,Academie,,Angel Zerkiev,Sous directeur,206,,,,,,
2452550771,243,Von ,2,45,65,32,36,Von prof,"Si l’adversaire joue une Créature Magique, réduit de 3 toutes ses stats",Ses yeux brillent quand il parle de griffons ou de goules.,Academie,,Von Carsteill,Professeur creature magique,178,,,,,,
7674677565,244,Storm,3,58,48,30,52,Storm Garde,"Si Leyn a déjà été jouée, force l’adversaire à sacrifier la carte en main",Il n’a pas conquis un cœur… mais une lignée.,Ministere,Wendelhart,Storm Rice Wendelhart,Beau fils dirigeants,188,,,,,,
1759225003,245,Velyssia,2,45,60,34,50,Velyssia,"Si Veyra a déjà été jouée, gagne 10 en Charisme",Ils se moquaient d’elle… avant de croiser son vrai reflet.,Academie,,Velyssia D'azmiris,Surveillante,189,,,"RANDBETWEEN(1,9999999999)",,Après la révélation peut choisir d'échanger la carte en main avec la carte en jeu. ,
5738963541,246,Yennefer,4,33,52,58,55,Yennefer ministere,"Si l’adversaire mène la partie de plus de 3 points, gagne 5 dans toutes ses stats","Elle enseignait la défense. Maintenant, elle trace les offensives.",Ministere,,Yennefer Sagegrove,Ministère,198,,,,,,